Name,Team,Position,WAR,G,PA,AB,RUN,HIT,2B,3B,HR,TB,RBI,BB,HBP,IB,SO,DP,SAC,SAC2,BA,OBP,SLG,OPS,wOBA,wRCP,WPA,IsoP,IsoD,wRC27,wRAA,RAABat,RAAdef,RAADefPos,RAAdeftotal,RAA.Adj,Advancedbase,Runper,Advancedpossibility,Outonbase,SB,CS,RAASB,RAABR,Spd
°­¹Î±¹,K,2B,-0.1,18,50,45,2,11,2,0,0,13,4,3,0,0,6,1,2,0,0.244,0.292,0.289,0.581,0.27,50.6,-0.17,0.044,0.047,2.37,0.266,-3.1,0.2,0.2,0.4,-3,0,11.8,36.4,9.09,0,0,0,-0.1,1.4
°­¹ÎÈ£,»ï,C,3.86,123,462,406,55,118,22,0,18,194,67,45,4,4,53,18,0,7,0.291,0.362,0.478,0.839,0.38,123.6,1.49,0.187,0.071,6.19,0.376,13.2,0.2,8.1,8.3,11.7,0.038043478,20.1,33.3,5.56,0,0,-0.1,-1.6,1.1
°­¹éÈ£,K,1B,6.35,142,627,516,76,179,40,1,16,269,102,103,0,10,85,7,0,8,0.347,0.45,0.521,0.971,0.443,165.5,5.78,0.174,0.103,9.78,0.439,50.3,-6.5,-10.8,-17.2,43,0.05,20,48.3,6.62,10,5,-0.4,-0.5,3.7
°­½ÂÈ£,µÎ,2B,0.94,113,340,301,47,72,16,2,7,113,37,22,6,1,78,8,8,3,0.239,0.301,0.375,0.677,0.307,81.8,-0.93,0.136,0.062,3.5,0.313,-7.7,2.3,1.1,3.4,-3.5,0.025423729,33.9,53,4.55,8,2,0.7,1.2,5.4
°­Áø¼º,N,1B,0.19,124,462,406,49,101,20,0,7,142,38,36,14,2,68,12,4,2,0.249,0.33,0.35,0.679,0.321,86.9,-1.32,0.101,0.081,4.09,0.321,-7.6,-4.5,-8.3,-12.8,-13.6,0.040697674,24.4,45.6,8.86,9,3,0.4,-1.9,3.5
°­ÇÑ¿ï,»ï,3B,0.19,124,258,223,25,58,5,0,0,63,27,29,0,0,58,5,3,3,0.26,0.341,0.283,0.624,0.305,77.6,-0.26,0.022,0.081,3.68,0.307,-7.2,-4.4,1.3,-3,-14.6,0.057692308,24,32,5.33,2,2,-0.6,-2.5,2.7
°íÁ¾¿í,S,LF,-0.12,88,199,180,25,48,5,0,2,59,18,16,0,0,30,6,1,2,0.267,0.323,0.328,0.651,0.311,80,0,0.061,0.057,3.67,0.311,-5,-5,-2.6,-7.6,-12,0.076923077,29.5,42.2,6.67,2,3,-1,-1,2.9
±¸ÀÚ¿í,»ï,RF,5,139,610,543,107,166,30,10,22,282,88,48,6,3,98,9,1,12,0.306,0.361,0.519,0.881,0.394,134,3.48,0.214,0.056,6.8,0.392,25.3,9.7,-6.8,2.9,41.6,0.060728745,34.4,53.9,4.26,27,4,3.5,3.1,7.5
±Çµ¿Áø,K,SS,0.42,86,85,66,21,17,5,0,1,25,6,18,0,0,30,0,1,0,0.258,0.417,0.379,0.796,0.382,124.9,-0.03,0.121,0.159,6.8,0.378,2.6,-1.2,0.8,-0.4,-1.3,0.040540541,27,33.3,12.82,3,3,-0.7,-2,5.2
±ÇÈñµ¿,N,LF,1.32,55,171,133,25,35,3,0,8,62,26,29,5,1,24,4,1,3,0.263,0.406,0.466,0.872,0.4,136.7,0.63,0.203,0.143,7.45,0.396,7.7,0.8,-1.8,-1.1,8.8,0.038461538,21.8,27.8,2.78,2,0,0.3,0.1,2.7
±è°­¹Î,S,CF,0.88,122,260,223,43,53,12,1,8,91,27,25,6,1,52,3,3,3,0.238,0.327,0.408,0.735,0.336,95.1,-0.65,0.17,0.089,4.59,0.333,-1.7,2.5,0.9,3.4,-0.5,0.047169811,33,42.1,5.26,3,3,-0.8,-0.5,4.9
±è±âÈ¯,N,LF,-0.35,62,149,140,19,29,7,2,3,49,13,8,0,0,45,1,1,0,0.207,0.25,0.35,0.6,0.275,55.2,-0.39,0.143,0.043,2.38,0.273,-8.3,3.9,-1.7,2.3,-4.1,0.018518519,29.6,51.6,9.68,15,4,1.2,-1,8.5
±èµ¿¿±,»ï,LF,-0.28,69,203,185,20,44,9,0,4,65,24,10,4,0,42,2,0,4,0.238,0.286,0.351,0.637,0.297,70.2,-0.53,0.114,0.048,3.23,0.296,-7.5,0.2,-3.5,-3.2,-7.6,0.049180328,26.2,40,5.71,2,1,-0.1,-0.2,3.4
±è¹Î¼º,L,3B,0.83,121,426,360,35,80,22,0,8,126,39,42,8,2,73,7,11,5,0.222,0.313,0.35,0.663,0.305,80.7,-0.6,0.128,0.091,3.51,0.312,-10.3,7.6,1.5,9,-3.3,0.013245033,17.9,42.4,5.09,3,3,-0.8,0.3,2.5
±è¹Î¼ö,·Ô,2B,0.15,83,224,199,19,48,11,1,3,70,25,18,3,0,62,4,3,1,0.241,0.312,0.352,0.664,0.311,77.8,-1.37,0.111,0.071,3.74,0.307,-6.2,-1,-0.1,-1.1,-8.7,0.025316456,20.3,34.3,11.43,0,0,-0.1,-1.5,2.7
±è¹Î¼ö,»ï,C,0.42,47,87,76,9,20,5,0,3,34,13,6,1,0,13,2,2,2,0.263,0.318,0.447,0.765,0.339,96.7,0.16,0.184,0.054,4.6,0.336,-0.4,-0.2,1.7,1.6,-1.4,0.066666667,20,40,13.33,0,0,0,-0.8,1.7
±è¹Î½Ä,K,C,0.62,100,301,250,30,55,8,0,3,72,26,41,4,1,49,2,3,3,0.22,0.336,0.288,0.624,0.305,75.7,-0.34,0.068,0.116,3.75,0.304,-9.1,0,5.2,5.2,-11.5,0.053571429,24.1,33.8,6.76,0,0,-0.1,-2.4,2.5
±è¹ÎÇÏ,ÇÑ,RF,0.04,46,142,115,14,24,4,1,1,33,17,17,8,0,36,3,0,2,0.209,0.345,0.287,0.632,0.317,85.1,-0.49,0.078,0.136,4,0.318,-2.6,3.7,-1.6,2.2,-0.2,0.070175439,22.8,37.5,7.5,6,3,-0.2,-1.1,5
±è¹ÎÇõ,K,LF,0.87,75,198,171,22,54,6,2,1,67,13,20,2,0,27,3,5,0,0.316,0.394,0.392,0.786,0.367,115.7,0.14,0.076,0.078,6.04,0.364,3.7,0.7,-2.3,-1.6,3.5,0.068965517,24.1,29.5,6.82,6,3,-0.2,-0.8,5.5
±èº´Èñ,K,3B,1.15,34,69,51,16,15,3,0,5,33,13,13,3,0,14,0,2,0,0.294,0.463,0.647,1.11,0.476,189.8,1.1,0.353,0.169,11.46,0.476,7.6,-1.2,0.2,-1,7.4,0.027777778,30.6,41.2,0,3,0,0.6,0.4,5.1
±è»ó¼ö,»ï,2B,0.38,132,496,429,46,101,17,1,3,129,42,52,3,0,51,14,8,4,0.235,0.32,0.301,0.62,0.298,71.7,-1.26,0.065,0.084,3.3,0.298,-17.5,1.9,1.8,3.7,-16.6,0.039772727,24.4,34.6,4.67,4,2,-0.2,-0.9,3.1
±è¼±ºó,K,2B,3.42,130,564,501,55,154,32,0,5,201,67,56,1,2,39,19,1,5,0.307,0.375,0.401,0.776,0.366,116,3.06,0.094,0.067,5.86,0.365,10.9,-4.7,1.8,-2.9,4.4,0.030172414,21.6,34.4,3.05,0,0,-0.2,-1.6,1.4
±è¼ºÇö,S,2B,1.65,110,274,237,27,67,15,0,6,100,37,29,0,0,29,8,4,4,0.283,0.356,0.422,0.778,0.357,109.8,1.24,0.139,0.073,5.35,0.355,3.2,0.9,1.9,2.8,4,0.03539823,18.6,32.7,3.85,5,2,0,-0.1,2.8
±è¿õºó,Å°,3B,0.78,97,278,231,23,55,13,1,5,85,34,34,9,2,73,2,2,2,0.238,0.355,0.368,0.723,0.341,101.6,0.26,0.13,0.117,5.06,0.343,0.4,3.3,-1.4,1.9,0.9,0.027272727,16.4,40.7,10.17,1,1,-0.3,-2.5,3.3
±èÀÎÅÂ,µÎ,RF,1.74,133,418,344,51,89,15,1,8,130,46,62,3,0,67,10,5,4,0.259,0.373,0.378,0.751,0.355,113.3,1.54,0.119,0.114,5.5,0.361,6.7,8.8,-4.1,4.7,13,0.036363636,26.1,38.8,4.08,0,2,-1,-1.6,2.5
±èÀç¼º,L,C,-0.23,58,73,65,6,9,2,1,1,16,3,5,1,0,13,2,1,1,0.138,0.208,0.246,0.455,0.214,18.1,-0.74,0.108,0.07,0.63,0.218,-7.4,0.2,1.7,1.9,-6.8,0,31.3,55.6,0,1,0,0.2,0.2,5.1
±èÀçÀ¯,·Ô,CF,0.76,87,192,174,27,50,8,0,1,61,18,10,4,0,36,1,4,0,0.287,0.34,0.351,0.691,0.325,87.4,0.46,0.063,0.053,4.42,0.322,-3,-0.6,0.4,-0.2,-1.4,0.023809524,31,37.3,0,7,0,1.3,0.9,5.4
±èÀçÇö,Å°,C,0.03,39,51,46,2,10,7,0,0,17,8,3,0,0,12,1,2,0,0.217,0.265,0.37,0.635,0.282,58.8,-0.21,0.152,0.048,2.57,0.279,-2.6,0.2,1.2,1.4,-2.8,0.071428571,14.3,16.7,0,0,1,-0.4,0,2
±èÀçÈ£,µÎ,SS,-0.02,89,251,211,23,44,8,0,1,55,24,29,2,0,34,7,6,3,0.209,0.306,0.261,0.567,0.275,58.2,-1.73,0.052,0.098,2.56,0.278,-13,1.3,2.8,4.1,-12.1,0.056818182,25,42.6,3.7,1,1,-0.3,-0.1,2.3
±èÀçÈ¯,µÎ,LF,4.77,137,566,475,86,130,23,2,27,238,102,81,5,3,127,9,0,5,0.274,0.382,0.501,0.883,0.401,148.2,2.69,0.227,0.108,7.25,0.413,33.3,-9.7,-6.3,-16,21.4,0.029045643,24.5,30.5,3.39,2,3,-1.1,-1.2,3.3
±èÁÖ¿ø,N,SS,0.73,69,189,166,20,40,7,1,5,64,16,17,2,0,57,5,2,2,0.241,0.316,0.386,0.701,0.324,87.8,-0.58,0.145,0.075,4.06,0.322,-2.9,-0.8,2,1.2,-3.4,0.029411765,22.1,40.7,3.7,6,2,0.3,0,4.4
±èÁÖÇü,Å°,SS,0.3,36,70,50,5,9,3,0,0,12,5,4,13,0,15,0,3,0,0.18,0.388,0.24,0.628,0.324,86.2,0.13,0.06,0.208,4.69,0.32,-1.2,-3,0.9,-2.1,-3.9,0.064516129,16.1,33.3,0,1,0,0.2,0.2,3.2
±èÁØÅÂ,·Ô,C,0.37,58,149,128,17,25,5,0,4,42,15,18,1,0,40,3,0,2,0.195,0.295,0.328,0.623,0.297,69.2,-0.75,0.133,0.1,3.24,0.294,-5.7,-0.7,2.4,1.8,-5.6,0,25.5,43.5,0,0,0,0,0.8,2
±èÁöÂù,»ï,SS,0.9,120,336,296,50,81,6,0,1,90,26,27,0,0,31,0,10,3,0.274,0.331,0.304,0.635,0.3,73.4,0.08,0.03,0.058,3.51,0.301,-11.1,-1.2,3.4,2.2,-9.5,0.007142857,35,53.9,4.49,23,4,2.7,0,6.5
±èÂùÇü,N,2B,0.41,88,161,132,20,30,7,0,2,43,7,16,4,0,32,1,9,0,0.227,0.329,0.326,0.655,0.301,72.6,0.02,0.099,0.102,3.5,0.3,-5.5,0.3,0.9,1.2,-3.1,0.041666667,25,42.1,0,0,0,0,2.1,3
±èÅÂ±º,N,C,0.63,102,276,232,23,51,7,0,7,79,24,21,11,0,30,4,9,3,0.22,0.311,0.341,0.651,0.301,72.8,-0.39,0.121,0.091,3.41,0.3,-9.3,1.3,5.7,7,-9.6,0.051020408,16.3,27.6,1.72,0,1,-0.5,-1.1,2.1
±èÅÂ¿¬,ÇÑ,3B,1.91,53,220,176,29,53,12,0,3,74,34,34,5,0,44,4,0,5,0.301,0.418,0.42,0.839,0.397,138.8,1.99,0.119,0.117,7.44,0.399,10.4,1.6,-0.8,0.8,12.5,0.065420561,24.3,50,3.57,5,3,-0.4,0.8,3.3
±èÅÂÁø,K,3B,0.64,99,414,381,43,105,12,5,1,130,36,23,0,1,64,7,6,4,0.276,0.314,0.341,0.655,0.305,76,-0.62,0.066,0.038,3.51,0.305,-12.4,-0.5,1.4,1,-12.7,0.01875,26.3,42.5,2.3,8,5,-0.7,0.8,5.8
±èÅÂÈÆ,K,RF,-0.22,44,91,87,6,20,4,1,1,29,6,2,1,0,19,1,1,0,0.23,0.256,0.333,0.589,0.271,52,0.21,0.103,0.026,2.35,0.269,-5.4,-2.2,-1.3,-3.4,-6.9,0.035714286,17.9,38.5,0,1,0,0.2,0.5,4.9
±èÇå°ï,»ï,LF,1.14,118,364,317,38,89,8,2,4,113,27,34,5,0,46,9,3,5,0.281,0.355,0.356,0.711,0.338,98.1,-1.03,0.076,0.074,4.76,0.338,-1,1.9,-3.5,-1.5,1.6,0.038709677,21.9,28,0,5,4,-0.9,1.5,3.8
±èÇö¼ö,L,LF,3.31,140,595,506,70,144,23,1,17,220,97,77,3,5,42,7,0,9,0.285,0.377,0.435,0.811,0.375,128.3,3.02,0.15,0.092,6.41,0.383,20.5,-1.7,-11.3,-13,18,0.032520325,21.5,40.3,4.2,3,0,0.4,-1.2,3.5
±èÇý¼º,Å°,SS,4.73,144,634,559,99,170,20,3,3,205,66,64,1,3,97,8,0,10,0.304,0.371,0.367,0.737,0.351,106.2,0.99,0.063,0.067,5.46,0.35,4.6,-1.9,5.2,3.3,14,0.018939394,36.4,56.5,2.48,46,4,7.2,4.1,6.8
±èÈ£·É,K,CF,0.36,62,154,130,16,27,2,0,4,41,15,16,6,0,44,2,2,0,0.208,0.322,0.315,0.638,0.308,77.9,-0.97,0.108,0.115,3.7,0.307,-4.2,2.8,0.7,3.5,-0.7,0.034482759,20.7,54.8,3.23,4,1,0.3,0.5,3.6
±èÈ£Àç,»ï,1B,-0.14,87,90,75,9,17,2,0,0,19,7,9,2,0,14,0,3,1,0.227,0.322,0.253,0.575,0.28,60.2,-0.15,0.027,0.095,2.87,0.281,-4.4,-1.7,-0.6,-2.4,-6.2,0.083333333,25,32,0,0,0,0,0,3
±èÈÖÁý,Å°,3B,-0.38,34,89,70,9,9,1,0,1,13,8,13,2,0,23,0,3,1,0.129,0.279,0.186,0.465,0.238,33.6,-0.48,0.057,0.151,1.45,0.241,-7.3,-2.2,0.5,-1.8,-10.2,0,28.6,21.1,5.26,1,0,0.2,-0.8,4
³ª¼º¹ü,N,RF,3.91,144,623,570,96,160,29,1,33,290,101,38,11,2,155,5,0,4,0.281,0.336,0.509,0.844,0.38,124.1,3.13,0.228,0.055,6.19,0.377,18.3,1.5,-7.4,-5.9,22.3,0.038626609,27,35.7,0,1,2,-0.8,3.3,3.4
³ª½Â¿±,·Ô,1B,-0.21,60,128,113,16,23,2,0,2,31,10,14,0,0,33,1,0,1,0.204,0.289,0.274,0.563,0.276,55.7,-0.56,0.071,0.086,2.62,0.274,-7,-0.4,-1.1,-1.5,-6.7,0.043478261,30.4,34.6,0,1,0,0.2,0.6,3.8
³ªÁö¿Ï,K,LF,-0.24,31,102,81,3,13,1,0,0,14,7,14,6,0,29,3,0,1,0.16,0.324,0.173,0.496,0.272,53.2,-0.12,0.012,0.163,2.56,0.27,-5.9,-4.2,-1,-5.2,-9.9,0.027777778,8.3,50,0,0,0,0,0.3,0.3
³ë¼ö±¤,ÇÑ,CF,0.3,52,180,160,21,37,7,0,3,53,14,17,1,0,46,1,2,0,0.231,0.309,0.331,0.64,0.304,76.4,-0.64,0.1,0.078,3.54,0.305,-5.3,1,0,1,-3.4,0.09375,28.1,55.3,10.64,13,1,2.1,-1.3,5.7
³ë½ÃÈ¯,ÇÑ,3B,3.75,107,458,380,56,103,18,1,18,177,84,73,1,9,107,15,0,4,0.271,0.387,0.466,0.852,0.387,131.8,1.82,0.195,0.115,6.67,0.389,17.8,-3.5,-0.2,-3.7,15.5,0.043010753,20.4,48.3,4.49,5,2,0,1.3,2.6
³ëÁøÇõ,N,SS,2.9,107,384,330,41,95,22,0,8,141,58,42,5,0,90,3,4,3,0.288,0.374,0.427,0.801,0.372,120.4,0.75,0.139,0.086,6.25,0.372,9.5,2.6,3,5.6,12.8,0.032679739,21.6,29.9,0,1,1,-0.3,1,2.7
µµÅÂÈÆ,N,3B,-0.09,77,76,66,10,12,1,0,1,16,9,6,4,0,14,3,0,0,0.182,0.29,0.242,0.532,0.269,52.4,-0.57,0.061,0.108,2.32,0.269,-4.5,-1.4,0,-1.4,-5.5,0,26.5,33.3,0,1,0,0.2,0.2,2.8
¶ó¸ð½º,L,1B,0.58,51,205,185,14,45,7,1,8,78,25,18,2,0,43,2,0,0,0.243,0.317,0.422,0.739,0.341,107.1,-0.15,0.178,0.074,4.81,0.352,1.7,-0.1,-4,-4.1,1.2,0.03030303,9.1,30.4,8.7,0,0,0,-0.4,2.4
·Î¸Æ,S,1B,1.13,107,421,355,55,80,11,0,20,151,52,59,4,1,83,9,0,3,0.225,0.34,0.425,0.765,0.354,105.5,-0.59,0.2,0.114,5.29,0.349,2.7,3.6,-7,-3.5,4.4,0.037974684,22.2,31.8,9.09,1,0,0.1,-2,2.3
·ùÁöÇõ,K,3B,1.27,92,327,273,37,76,8,0,2,90,34,42,7,1,46,7,2,3,0.278,0.385,0.33,0.714,0.348,104.4,-0.08,0.051,0.106,5.46,0.347,1.6,-1.3,-2.1,-3.4,-0.1,0.044117647,25.7,34.8,0,0,0,-0.1,-0.3,1.9
¸¶Â÷µµ,·Ô,SS,2.55,134,539,466,83,130,21,1,5,168,58,58,4,1,65,8,4,7,0.279,0.359,0.361,0.719,0.341,98.3,-0.66,0.082,0.08,4.99,0.338,-1.3,7.2,5.5,12.7,4.7,0.023041475,35.9,53.3,5.93,8,5,-0.8,-0.4,4.5
¹®º¸°æ,L,1B,1.06,107,329,278,37,64,11,1,8,101,39,46,0,1,64,5,3,2,0.23,0.337,0.363,0.701,0.329,97.1,0.79,0.133,0.107,4.49,0.336,-1.3,8.2,-2.9,5.3,7.9,0.008,23.2,38.7,1.61,3,1,0.1,1,3.8
¹®»óÃ¶,K,DH,-0.07,53,105,95,14,20,6,0,2,32,16,8,2,0,33,1,0,0,0.211,0.286,0.337,0.623,0.295,67.8,-0.84,0.126,0.075,3.2,0.292,-4.2,-0.2,-2.1,-2.2,-3.2,0.090909091,36.4,57.1,0,2,0,0.4,0.8,4.3
¹®¼ºÁÖ,L,LF,-0.13,31,89,79,11,18,1,0,1,22,10,7,2,0,15,1,0,1,0.228,0.303,0.278,0.582,0.286,65.3,-0.68,0.051,0.076,2.92,0.288,-3.8,2.1,-0.8,1.3,-2.2,0.029411765,29.4,50,6.25,1,1,-0.3,-0.1,3.7
¹Ú°Ç¿ì,µÎ,RF,4.62,126,525,458,82,149,31,2,6,202,63,50,11,2,72,16,0,6,0.325,0.4,0.441,0.841,0.394,138.5,1.64,0.116,0.075,7.12,0.399,24.7,-1.2,-2.9,-4.1,26.7,0.046808511,32.3,49.6,4.96,13,0,2.4,0.7,4.9
¹Ú°æ¼ö,K,2B,0.1,118,280,239,24,46,10,0,9,83,33,34,3,2,76,7,4,0,0.192,0.301,0.347,0.648,0.301,72.4,-0.95,0.155,0.108,3.32,0.299,-9.6,3.5,0.7,4.2,-7.8,0.011111111,16.7,27.3,9.09,0,1,-0.5,-1.2,1.3
¹Ú°è¹ü,µÎ,SS,2.06,118,385,322,44,86,12,1,5,115,46,44,9,0,68,8,7,3,0.267,0.368,0.357,0.725,0.344,104.8,0.6,0.09,0.101,5.07,0.348,2.2,-2.4,2.7,0.3,-0.5,0.04516129,25.2,49.4,5.06,4,3,-0.6,0.4,3.4
¹Ú´ë¿Â,N,C,-0.38,42,95,85,4,18,1,0,0,19,5,4,0,0,21,0,4,2,0.212,0.242,0.224,0.465,0.216,18.3,-0.6,0.012,0.03,0.75,0.218,-9.6,-1.3,2,0.7,-11,0.041666667,16.7,25,0,0,0,0,-0.1,2.3
¹Úµ¿¿ø,Å°,C,3.09,131,481,413,61,103,21,0,22,190,83,53,7,0,114,12,5,3,0.249,0.342,0.46,0.803,0.364,120.5,1.29,0.211,0.093,5.59,0.372,12,0.5,-1,-0.5,12.6,0.016574586,21.6,36.5,4.71,2,0,0.3,-0.2,2.4
¹Ú¹Î¿ì,N,2B,0.83,50,215,180,30,47,5,3,1,61,18,22,7,0,23,4,4,2,0.261,0.36,0.339,0.699,0.333,94.8,-0.5,0.078,0.099,4.65,0.333,-1.5,-0.2,0.7,0.5,-1.5,0.035714286,34.5,44.7,6.38,12,3,1,-0.9,6.9
¹Úº´È£,Å°,1B,1.47,118,477,409,48,93,23,0,20,176,76,47,14,3,141,9,0,7,0.227,0.323,0.43,0.753,0.343,106.4,0.01,0.203,0.095,4.84,0.35,3.6,2,-9.1,-7,5.9,0.017857143,16.7,29.7,0,0,1,-0.5,0.9,1.5
¹Ú¼®¹Î,N,3B,1.32,59,205,171,27,44,8,0,10,82,41,27,2,1,43,8,3,2,0.257,0.361,0.48,0.841,0.377,121.5,0.01,0.222,0.104,6.02,0.373,5.4,1.8,-0.2,1.6,6.7,0.063291139,21.5,24.2,3.03,0,0,-0.1,-0.4,1
¹Ú¼ºÇÑ,S,SS,3.34,135,471,407,53,123,21,1,4,158,44,49,1,0,73,1,12,2,0.302,0.377,0.388,0.765,0.356,110.3,1.4,0.086,0.075,5.66,0.356,5.8,-1.7,5.2,3.5,7,0.033492823,23.4,45.8,2.8,12,5,0.1,2.9,4.8
¹Ú¼¼Çõ,µÎ,C,0.24,96,270,237,25,52,12,0,0,64,30,22,5,0,43,6,3,3,0.219,0.296,0.27,0.566,0.275,57.8,-1.05,0.051,0.076,2.54,0.277,-14.1,1,4.9,5.9,-12.8,0.02,25,38.4,1.37,4,2,-0.1,0.5,3.3
¹Ú½Â±Ô,»ï,LF,-0.05,59,78,66,13,12,1,0,3,22,5,9,2,0,9,4,1,0,0.182,0.299,0.333,0.632,0.299,69.3,-0.27,0.152,0.117,3.13,0.295,-3,2.1,-0.4,1.7,-1.1,0.042553191,21.3,38.5,3.85,1,1,-0.3,0,3
¹ÚÁ¤¿ì,K,CF,-0.09,32,61,48,3,9,1,0,0,10,4,10,2,0,8,2,1,0,0.188,0.35,0.208,0.558,0.294,67.6,-0.24,0.021,0.163,3.16,0.292,-2.5,0.3,0.1,0.4,-3.2,0.038461538,11.5,21.4,7.14,0,2,-0.9,-0.2,1.5
¹ÚÁ¤Çö,ÇÑ,SS,-0.52,33,120,107,10,21,4,0,0,25,9,9,0,0,32,1,3,1,0.196,0.256,0.234,0.49,0.235,30.9,-0.59,0.037,0.06,1.31,0.237,-10.2,1.8,0.1,1.9,-8.3,0.026315789,26.3,33.3,4.17,1,0,0.2,0,3.5
¹ÚÁÖÈ«,Å°,DH,-0.45,23,56,47,4,5,2,0,0,7,3,9,0,0,21,1,0,0,0.106,0.25,0.149,0.399,0.217,18.3,-0.34,0.043,0.144,0.76,0.218,-5.6,0.2,-1.1,-0.8,-5.5,0.0625,25,50,0,1,1,-0.2,0.2,2.9
¹ÚÁØ¿µ,N,3B,0.43,111,315,273,37,57,7,2,8,92,31,27,10,0,92,9,3,2,0.209,0.301,0.337,0.638,0.302,73,-2.04,0.128,0.092,3.32,0.3,-10.6,0.8,2.4,3.2,-10.3,0,26.1,40.3,2.99,4,3,-0.6,0,4.1
¹ÚÁØÅÂ,Å°,RF,0.03,27,58,46,10,9,3,0,0,12,4,10,2,0,16,0,0,0,0.196,0.362,0.261,0.623,0.321,86.6,-0.18,0.065,0.166,4.53,0.321,-1,-1.2,-0.4,-1.6,-2.9,0.033333333,33.3,44.4,11.11,1,0,0.2,-0.9,4.7
¹ÚÂùÈ£,K,SS,1.15,131,483,418,51,103,15,5,1,131,59,54,0,0,73,11,8,3,0.246,0.331,0.313,0.644,0.308,77.7,0.17,0.067,0.084,3.67,0.307,-13.4,-4.9,5.7,0.8,-19.1,0.054347826,27.2,47.2,5.51,9,4,-0.1,-0.8,5.4
¹ÚÇØ¹Î,»ï,CF,3.38,127,542,454,78,132,22,1,5,171,54,69,3,2,82,3,9,7,0.291,0.383,0.377,0.759,0.356,110.6,1.39,0.086,0.092,5.58,0.357,6.9,5.5,1.6,7.1,15.3,0.057017544,32,50.8,3.33,36,15,0.5,2.4,5.8
¹è¼º±Ù,·Ô,SS,0.03,79,109,93,21,19,4,0,1,26,9,14,0,0,36,1,2,0,0.204,0.308,0.28,0.588,0.285,61.5,-0.18,0.075,0.104,2.97,0.283,-5.2,-4.3,1,-3.4,-9.6,0.083333333,33.3,47.1,5.88,1,0,0.2,-0.2,4.2
¹èÁ¤´ë,K,CF,3.02,144,595,510,85,132,23,1,12,193,68,65,12,2,132,9,3,5,0.259,0.353,0.378,0.732,0.345,101.1,-1.05,0.12,0.094,5.05,0.342,0.6,5.6,2,7.6,8.9,0.063829787,31.1,48.1,1.5,19,7,0.6,2.2,4.9
¹é¿ëÈ¯,K,C,-0.34,39,102,86,10,12,1,0,4,25,4,11,3,0,26,4,2,0,0.14,0.26,0.291,0.551,0.262,47.7,0.42,0.151,0.12,2.01,0.262,-6.6,0,-0.7,-0.6,-6.9,0.117647059,17.7,30.8,7.69,0,0,0,-0.3,1
º¯»ó±Ç,Å°,LF,-0.39,72,171,159,19,38,5,4,0,51,20,9,0,0,40,2,0,3,0.239,0.275,0.321,0.596,0.279,56.1,0.62,0.082,0.036,2.65,0.275,-9.3,5.5,-1.8,3.7,-3.7,0.051724138,32.8,39.5,2.63,0,0,0,0.2,5
º¸¾î,L,1B,-0.43,32,117,100,7,17,2,0,3,28,17,11,3,0,30,2,0,3,0.17,0.265,0.28,0.545,0.263,52.8,-0.23,0.11,0.095,2.13,0.27,-6.8,-0.5,-2,-2.5,-7.5,0,12.5,16.7,0,0,0,0,-0.2,1.3
¼­°ÇÃ¢,Å°,2B,2.83,144,599,512,78,130,24,2,6,176,52,69,9,2,77,14,5,4,0.254,0.35,0.344,0.694,0.331,94.8,0.14,0.09,0.096,4.55,0.333,-4,1,1,2.1,3.4,0.056768559,31.4,54.5,2.27,12,4,0.5,5.9,4.5
¼Õ¾Æ¼·,·Ô,RF,3.33,139,610,542,88,173,29,2,3,215,58,61,3,3,67,15,3,1,0.319,0.39,0.397,0.787,0.373,118.8,1.98,0.078,0.071,6.23,0.369,13.9,-6.7,-6.2,-12.9,7.5,0.025735294,31.3,49.1,4.24,11,6,-0.6,1,4.2
¼Û¹Î¼·,K,RF,0.46,122,64,47,39,11,0,0,0,11,7,12,0,0,21,0,5,0,0.234,0.39,0.234,0.624,0.303,73.1,0.35,0,0.156,3.79,0.3,-2.1,6.7,-1.1,5.6,9.7,0.025316456,49.4,70.5,0,15,1,2.5,2.6,7.3
¼Û¼º¹®,Å°,3B,0.94,66,274,245,30,61,10,1,6,91,33,25,1,0,42,2,2,1,0.249,0.32,0.371,0.691,0.323,90.2,0.26,0.122,0.071,4.26,0.326,-3.4,7,0.7,7.7,4.3,0.043010753,25.8,40.9,4.55,0,0,-0.1,0.7,3.2
¼Û¿ìÇö,Å°,RF,1.51,69,282,250,34,74,17,2,3,104,42,28,2,1,49,4,1,1,0.296,0.37,0.416,0.786,0.368,117.4,0.62,0.12,0.074,6.03,0.367,5.9,2.1,-3,-0.9,8.5,0.009090909,28.2,44,4,1,1,-0.3,0.8,4.1
¼ÛÁØ¼®,»ï,LF,0.06,19,55,51,5,12,2,0,2,20,4,3,1,0,13,1,0,0,0.235,0.291,0.392,0.683,0.317,81.8,-0.22,0.157,0.056,3.83,0.313,-1.3,0.4,-0.7,-0.3,-0.7,0,16.7,27.3,0,0,0,0,0.2,1.7
½Åº»±â,K,2B,0.26,96,205,173,25,41,8,0,1,52,19,22,4,0,44,6,5,1,0.237,0.335,0.301,0.636,0.305,74.7,-0.52,0.064,0.098,3.57,0.303,-6.4,3,1,4,-3.9,0.036585366,29.3,40,4.44,1,2,-0.7,0.2,2.4
½Å¿ë¼ö,·Ô,CF,0.21,71,136,119,23,31,5,2,1,43,6,11,3,0,20,2,2,1,0.261,0.336,0.361,0.697,0.327,88.6,-0.63,0.101,0.075,4.36,0.324,-2,-5.7,-0.1,-5.7,-9.2,0,37.9,26,6,3,1,0.1,-1.7,6.7
½ÅÁØ¿ì,Å°,SS,-0.25,56,51,42,7,7,3,0,0,10,4,4,3,0,21,1,1,1,0.167,0.28,0.238,0.518,0.256,42.9,-0.2,0.071,0.113,1.9,0.255,-3.6,-1.6,0.7,-0.8,-6.9,0.086956522,30.4,64.7,17.65,0,1,-0.4,-1.3,3.2
½É¿ìÁØ,K,SS,1.74,139,460,407,61,109,20,2,6,151,48,32,4,0,65,2,10,6,0.268,0.323,0.371,0.694,0.318,83.3,-0.16,0.103,0.055,4.04,0.316,-9.6,2.6,5.5,8.1,-4.6,0.047337278,32.5,54.5,2.97,16,6,0.5,1.9,6
¾ÈÀç¼®,µÎ,SS,0.79,96,224,200,28,51,8,2,2,69,14,16,4,0,53,4,0,4,0.255,0.317,0.345,0.662,0.314,83.8,-1.02,0.09,0.062,3.89,0.316,-4.5,-4.8,2,-2.8,-8.3,0.023809524,31,47.2,1.89,1,0,0.1,1,4.9
¾ÈÁß¿­,·Ô,C,0.92,58,157,125,19,29,5,0,3,43,16,27,1,0,25,1,3,1,0.232,0.37,0.344,0.714,0.341,98.7,0.36,0.112,0.138,5.18,0.339,-0.3,0.7,3.1,3.8,0.3,0.029411765,23.5,26.8,0,0,0,0,-0.1,2.6
¾ÈÄ¡È«,·Ô,2B,3.45,119,490,421,58,129,30,2,10,193,82,52,3,2,58,10,5,9,0.306,0.379,0.458,0.838,0.382,124.3,1.55,0.152,0.073,6.42,0.377,14.5,-6.6,1.2,-5.4,6.5,0.004716981,22.6,42.1,3.31,3,6,-2.2,0.8,3.2
¾Ë¸óÅ×,K,LF,0.57,60,249,224,18,61,9,0,7,91,36,22,1,0,49,9,0,2,0.272,0.337,0.406,0.744,0.347,102.5,-0.46,0.134,0.065,4.95,0.345,0.7,-1.4,-4.6,-6,-1.5,0.058823529,12.9,19.5,4.88,1,0,0.1,-0.9,1.2
¾ËÅ×¾î,N,CF,4.91,143,565,492,83,134,19,2,32,253,84,57,11,2,156,6,0,5,0.272,0.358,0.514,0.872,0.393,132,2.11,0.242,0.085,6.74,0.389,22,-0.2,1,0.8,24.9,0.017241379,22,49.5,5.16,20,5,1.7,1.4,5.3
¾ç¼®È¯,µÎ,1B,3.1,133,546,488,66,133,22,0,28,239,96,42,9,2,136,10,0,7,0.273,0.337,0.49,0.827,0.373,130.3,1.93,0.217,0.064,5.86,0.386,20.1,-0.6,-9.3,-10,17.1,0.01025641,19.5,39.6,6.25,2,3,-1,-1.3,2.2
¾çÀÇÁö,N,DH,5.74,141,570,480,81,156,29,2,30,279,111,69,11,5,60,12,0,10,0.325,0.414,0.581,0.995,0.443,165.4,5.64,0.256,0.089,9.15,0.439,45.6,-0.2,-9.6,-9.8,44,0.037190083,21.1,32.2,6.67,2,1,-0.2,-1.2,3
¿¹Áø¿ø,Å°,CF,-0.75,52,132,114,16,18,6,1,1,29,8,12,2,0,28,2,3,1,0.158,0.248,0.254,0.502,0.24,32.5,-1.33,0.097,0.09,1.4,0.239,-11,3.1,-0.5,2.5,-9.2,0.043478261,32.6,38.5,7.69,0,1,-0.5,-0.8,5
¿ÀÀ±¼®,·Ô,2B,0.8,98,198,164,23,40,11,0,4,63,16,27,2,1,47,4,5,0,0.244,0.358,0.384,0.742,0.343,99.2,-1.6,0.14,0.114,5,0.34,-0.3,0.6,-1,-0.4,1.4,0.050632911,24.1,40.5,2.38,4,0,0.7,0.3,3.4
¿ÀÀç¿ø,µÎ,2B,-0.43,45,79,72,6,12,3,0,0,15,5,6,0,0,18,3,0,1,0.167,0.228,0.208,0.436,0.216,17.9,-0.64,0.042,0.061,0.69,0.217,-8,-1.2,-0.2,-1.3,-8.6,0,23.1,25,0,2,0,0.4,0.2,3
¿ÀÀçÀÏ,»ï,1B,2.8,120,484,418,64,119,20,0,25,214,97,58,0,8,106,5,0,8,0.285,0.366,0.512,0.878,0.39,129.2,3.43,0.227,0.081,6.84,0.385,17.2,2.5,-8.6,-6.1,19.1,0.03626943,20.2,28,2.8,1,0,0.1,-0.7,2.7
¿ÀÁØÇõ,S,DH,0,26,50,46,7,10,2,0,2,18,5,4,0,0,15,2,0,0,0.217,0.28,0.391,0.671,0.309,76.5,-0.18,0.174,0.063,3.46,0.305,-1.5,-0.2,-0.9,-1.1,-1.4,0,25,33.3,0,0,0,0,0.3,1.7
¿ÀÁöÈ¯,L,SS,2.33,134,532,464,62,118,19,2,8,165,57,54,5,0,82,11,4,5,0.254,0.335,0.356,0.691,0.327,93.9,-0.53,0.101,0.081,4.31,0.332,-4.2,13.5,5.3,18.8,9.3,0.035532995,27.4,51.4,5.51,12,6,-0.4,0.4,4.4
¿ÀÅÂ°ï,S,1B,0.81,122,253,235,47,63,10,0,9,100,35,14,2,0,52,4,1,1,0.268,0.314,0.426,0.739,0.339,97,-0.33,0.157,0.045,4.56,0.336,-1,4.3,-3.6,0.7,5.4,0.017699115,33.6,53.5,0,9,4,0,2.2,5.1
À¯°­³²,L,C,2.2,130,441,397,39,100,16,0,11,149,60,25,14,1,75,11,3,2,0.252,0.317,0.375,0.693,0.323,93.3,-0.94,0.123,0.065,4.13,0.331,-3.8,-0.6,8.3,7.6,-5.3,0.012820513,18,33.3,2.67,2,0,0.3,-1.2,2.3
À¯¹Î»ó,K,1B,0.21,24,74,60,7,14,2,0,1,19,6,8,6,0,18,1,0,0,0.233,0.378,0.317,0.695,0.348,104.1,-0.18,0.083,0.145,5.48,0.347,0.3,-1.2,-1.3,-2.4,-0.9,0.032258065,19.4,21.1,0,0,0,0,-0.1,1.8
À¯ÀåÇõ,ÇÑ,CF,-0.72,34,112,98,11,14,5,0,1,22,7,8,2,0,39,2,2,2,0.143,0.218,0.224,0.443,0.212,15.3,-1.14,0.082,0.075,0.6,0.213,-11.7,-0.7,0.2,-0.5,-12.6,0.03125,31.3,45.5,4.55,2,1,-0.1,-0.1,3.9
À¯ÇÑÁØ,K,DH,1.87,104,336,281,30,87,16,0,5,118,42,44,7,5,34,12,0,4,0.31,0.411,0.42,0.831,0.389,130.5,1.27,0.11,0.101,7.03,0.387,12.5,-0.9,-8.4,-9.2,12.3,0.026666667,16.7,31,1.72,1,0,0.1,0.6,1.5
À±ÇüÁØ,N,1B,0.15,51,81,74,10,22,0,0,5,37,10,3,0,0,17,2,3,1,0.297,0.321,0.5,0.821,0.355,107.4,-0.59,0.203,0.023,5,0.352,0.7,-1.8,-1.1,-2.9,-2.6,0,16.1,16.7,16.67,0,1,-0.5,-1.1,2
ÀÌ´ëÈ£,·Ô,DH,1.1,114,465,420,39,120,11,0,19,188,81,34,5,3,50,12,0,6,0.286,0.342,0.448,0.79,0.361,111.3,1.44,0.162,0.056,5.5,0.358,6.3,0.1,-12.6,-12.5,4.3,0.011560694,11.6,17.7,3.8,0,0,-0.1,-2,1.2
ÀÌµµÀ±,ÇÑ,SS,-0.45,56,68,63,5,11,0,0,0,11,2,4,0,0,18,1,1,0,0.175,0.224,0.175,0.399,0.198,6.6,-0.59,0,0.049,0.22,0.2,-7.8,0.7,0.6,1.3,-7.2,0,19.2,58.3,0,1,2,-0.7,0.6,3.6
ÀÌµ¿ÈÆ,ÇÑ,CF,-0.37,33,62,53,8,10,1,0,0,11,2,3,2,0,12,2,4,0,0.189,0.259,0.208,0.466,0.221,21.5,-0.51,0.019,0.07,0.82,0.223,-6,2,0.2,2.2,-4.4,0.045454545,36.4,33.3,11.11,2,2,-0.5,0.1,4.1
ÀÌ¸í±â,N,LF,1.38,56,232,191,30,56,12,0,2,74,14,37,1,0,27,2,3,0,0.293,0.411,0.387,0.798,0.381,126.6,1.03,0.094,0.117,6.82,0.381,7.5,-4.3,-2.5,-6.8,2.4,0.028846154,26.9,35.6,4.44,5,3,-0.4,-0.4,3.8
ÀÌ»óÈ£,L,2B,0.11,45,68,65,5,20,2,0,0,22,12,1,0,0,10,2,2,0,0.308,0.318,0.338,0.657,0.303,75.4,0.01,0.031,0.01,3.4,0.304,-2.1,1.1,0,1.1,-0.7,0.066666667,16.7,57.1,0,2,1,-0.1,0.3,2.9
ÀÌ¼º°ï,»ï,1B,0.77,62,208,174,17,46,12,2,1,65,24,29,3,0,53,4,1,1,0.264,0.377,0.374,0.75,0.359,113.7,-0.88,0.109,0.112,5.65,0.361,3.4,-0.3,-4.3,-4.6,3,0.06741573,18,37.5,0,1,3,-1.2,1.1,4
ÀÌ¼º¿­,ÇÑ,DH,-0.27,46,140,119,15,25,8,0,2,39,20,18,1,0,36,2,0,2,0.21,0.314,0.328,0.642,0.308,79,0.32,0.118,0.104,3.71,0.309,-3.7,0.5,-3.5,-3.1,-4.5,0.037735849,24.5,43.3,10,1,0,0.2,-1.5,3
ÀÌ¿µºó,L,1B,0.27,72,169,148,21,36,9,0,2,51,16,15,3,0,51,1,2,1,0.243,0.323,0.345,0.668,0.316,86.6,0.22,0.101,0.08,3.93,0.321,-2.8,-0.5,-1.5,-2,-3.4,0.032258065,30.7,54.1,5.41,6,3,-0.2,0.1,4.6
ÀÌ¿ë±Ô,Å°,LF,3.1,133,547,459,88,136,16,8,1,171,43,71,5,2,46,5,6,6,0.296,0.392,0.373,0.764,0.363,112.7,1.73,0.076,0.096,6.08,0.36,8.4,-6.3,-4.9,-11.2,7,0.02892562,36,52,2.03,16,2,2.1,2.8,7.3
ÀÌ¿ì¼º,K,LF,-0.35,65,100,85,12,17,5,0,0,22,4,13,0,0,17,2,1,1,0.2,0.303,0.259,0.562,0.277,56.7,-0.38,0.059,0.103,2.63,0.276,-5.4,0.4,-1.3,-0.9,-5.9,0.018867925,22.6,53.8,11.54,2,1,-0.1,-0.9,3.8
ÀÌ¿ø¼®,»ï,3B,1.22,131,480,399,40,92,19,0,9,138,59,60,11,2,80,11,2,8,0.231,0.341,0.346,0.687,0.327,89.8,-0.29,0.115,0.11,4.41,0.325,-6.2,-2.6,-0.4,-3.1,-10,0.023391813,18.1,29.4,2.35,1,0,0.1,-1.3,1.9
ÀÌ¿ø¼®,ÇÑ,CF,-0.71,43,130,114,12,20,1,1,1,26,9,8,2,0,43,1,4,2,0.175,0.238,0.228,0.466,0.221,22,-1.37,0.053,0.063,0.86,0.223,-12.5,-3.1,0.5,-2.6,-15.9,0.131578947,29,66.7,13.33,4,2,-0.1,-0.2,6.4
ÀÌ¿øÀç,N,1B,-0.36,31,69,65,3,15,2,0,0,17,7,1,1,0,11,1,1,1,0.231,0.25,0.262,0.512,0.241,34.8,-0.56,0.031,0.019,1.45,0.243,-5.6,-1.6,-1.2,-2.9,-6.8,0,13.6,25,0,1,0,0.2,0.2,2.7
ÀÌÀç¿ø,L,RF,0.25,62,171,154,22,38,6,0,5,59,17,14,2,0,48,2,0,1,0.247,0.316,0.383,0.699,0.327,96.4,-0.6,0.136,0.069,4.31,0.335,-0.8,4,-1.9,2.2,1.3,0.032258065,27.4,45.5,15.15,5,1,0.5,-2.4,4.3
ÀÌÀç¿ø,S,C,1.5,107,313,271,29,76,13,0,3,98,30,29,5,4,47,14,6,2,0.28,0.358,0.362,0.72,0.334,95.2,0.18,0.081,0.078,4.53,0.333,-2,-0.5,5.8,5.2,-4.3,0.026315789,22.8,21.9,3.13,0,2,-1,-0.9,1.1
ÀÌÁ¤¹ü,S,LF,0.36,19,66,59,8,15,4,0,3,28,9,7,0,0,15,1,0,0,0.254,0.333,0.475,0.808,0.368,115.6,-0.13,0.22,0.079,5.76,0.364,1.2,-0.6,-0.7,-1.2,1,0,20,50,0,0,0,0,0.3,2
ÀÌÁ¤ÈÄ,Å°,CF,6.73,123,543,463,78,167,42,6,7,242,84,62,9,1,37,8,0,9,0.361,0.438,0.523,0.961,0.441,165.8,3.17,0.162,0.078,9.52,0.44,43.7,1.2,0.8,2,46.5,0.039215686,27.8,43.3,1.42,10,3,0.5,1.1,5.7
ÀÌÁ¤ÈÆ,K,DH,0.14,41,151,129,14,32,6,0,2,44,14,19,3,0,33,3,0,0,0.248,0.358,0.341,0.699,0.34,98.9,-0.52,0.093,0.11,5,0.339,-0.3,-0.6,-3.3,-3.9,-2.1,0.036363636,21.8,26.8,4.88,0,0,0,-1.2,1.7
ÀÌÁö¿µ,Å°,C,0.33,108,257,232,29,63,5,1,0,70,30,19,1,2,17,10,2,3,0.272,0.326,0.302,0.627,0.299,71.1,-0.87,0.03,0.054,3.33,0.297,-9.2,0.5,3.9,4.4,-10.8,0.019230769,27.9,35.8,4.48,3,1,0.1,-2.2,3.5
ÀÌÃ¢Áø,K,CF,-0.19,105,293,249,35,52,8,1,3,71,33,36,1,0,54,10,4,3,0.209,0.308,0.285,0.593,0.287,63.8,-1.06,0.076,0.099,2.92,0.286,-13.1,1,0.4,1.5,-13.4,0.036697248,29.4,35.2,5.63,5,0,0.9,-2.2,4.1
ÀÌÃµ¿õ,L,CF,0.03,68,211,181,20,36,7,0,2,49,16,25,3,0,23,11,1,1,0.199,0.305,0.271,0.576,0.284,65.2,-0.82,0.072,0.106,2.74,0.288,-9.1,1,-0.3,0.7,-7.2,0.013888889,25,57.1,0,3,2,-0.3,1.2,2.2
ÀÌÇÐÁÖ,»ï,SS,-0.04,66,174,155,17,32,8,0,4,52,20,14,1,0,61,3,4,0,0.206,0.277,0.335,0.612,0.282,60.5,-0.39,0.129,0.07,2.67,0.281,-8.5,-3.7,2.1,-1.6,-13.3,0.035714286,23.2,33.3,6.67,2,2,-0.5,-0.6,2.9
ÀÌÇØÃ¢,ÇÑ,C,-0.41,20,60,54,4,9,3,0,0,12,4,1,1,0,13,0,3,1,0.167,0.193,0.222,0.415,0.187,-1.2,-0.85,0.056,0.026,-0.08,0.189,-7.5,-0.1,1.2,1.2,-7.8,0.071428571,28.6,60,0,0,1,-0.4,0.2,4
ÀÌÇö¼®,S,C,0.39,39,89,79,7,21,5,0,4,38,19,4,1,0,29,0,3,2,0.266,0.302,0.481,0.783,0.338,95.1,-0.14,0.215,0.037,4.6,0.333,-0.6,0.9,1.9,2.8,-0.8,0.038461538,11.5,10,20,0,0,0,-1.1,2.1
ÀÌÇüÁ¾,L,DH,0.93,90,281,239,32,52,11,0,10,93,34,34,7,1,65,10,1,0,0.218,0.332,0.389,0.721,0.338,104.8,-2.58,0.172,0.115,4.6,0.348,1.6,-1.5,-4.4,-5.9,0.5,0.01980198,21.8,47.7,4.55,3,1,0.1,0.3,2.1
ÀÌÈ«±¸,K,C,-0.43,37,58,55,4,9,0,0,1,12,7,2,0,1,28,4,0,1,0.164,0.19,0.218,0.408,0.184,-6.2,-0.48,0.055,0.026,-0.17,0.181,-7.6,0.3,1.2,1.5,-7.5,0.181818182,27.3,25,0,0,0,0,-0.2,1.1
ÀÌÈï·Ã,S,C,0.6,90,146,127,15,30,3,0,3,42,14,12,5,0,31,4,2,0,0.236,0.326,0.331,0.657,0.314,80.7,-0.02,0.095,0.09,3.87,0.312,-3.5,0.2,3.2,3.4,-3,0.075471698,22.6,36.4,0,0,0,0,0.3,1.5
ÀÓÁ¾Âù,ÇÑ,RF,-1.06,42,146,132,9,20,5,0,1,28,8,12,1,0,49,2,1,0,0.152,0.228,0.212,0.44,0.217,18.7,-1.09,0.061,0.076,0.75,0.218,-14.7,-4.4,-1.7,-6.1,-19.2,0.085714286,22.9,52.9,5.88,0,1,-0.5,0.4,2.4
Àå¼º¿ì,K,C,1.74,127,460,385,46,89,13,0,14,144,63,60,3,3,69,16,9,3,0.231,0.337,0.374,0.711,0.328,90.6,1.25,0.143,0.106,4.28,0.327,-5.5,-1,5.8,4.7,-8.6,0.012345679,19.8,31.7,3.66,1,2,-0.8,-1.2,1.3
Àå½ÂÇö,µÎ,C,0.57,92,211,177,18,41,10,0,2,57,27,19,8,0,50,2,6,1,0.232,0.332,0.322,0.654,0.31,82.3,-0.4,0.09,0.1,3.83,0.314,-4.7,1.5,4.3,5.8,-5.9,0.025316456,20.3,22,8,0,0,-0.1,-2.7,2.2
Àå¿îÈ£,ÇÑ,RF,-0.3,102,338,285,36,67,10,0,0,77,28,36,7,0,77,7,7,3,0.235,0.332,0.27,0.603,0.295,71,-1.65,0.035,0.097,3.25,0.297,-12.2,0.2,-2.6,-2.4,-14.2,0.069767442,27.9,40.3,5.97,3,6,-2.1,0,2.8
ÀåÁö½Â,ÇÑ,RF,-0.3,24,72,61,7,11,1,0,1,15,5,7,1,0,24,4,2,1,0.18,0.271,0.246,0.517,0.249,40.1,-0.7,0.066,0.091,1.64,0.251,-5.3,-1.8,-0.8,-2.7,-7,0,31.6,60,10,2,0,0.4,-0.2,2.7
Àü¹Î¼ö,N,RF,0.15,71,109,98,12,25,3,0,3,37,16,11,0,1,23,2,0,0,0.255,0.33,0.378,0.708,0.331,92.6,0.43,0.122,0.075,4.51,0.33,-1,-1.5,-1.1,-2.7,-3.5,0,22.5,32,4,0,0,0,-0.9,2
Àüº´¿ì,Å°,3B,0.44,114,260,213,35,40,8,0,6,66,31,33,9,0,82,0,4,1,0.188,0.32,0.31,0.63,0.304,78.4,-0.2,0.122,0.133,3.65,0.308,-7,0.1,-0.1,0,-6.2,0.053191489,30.9,39,0,3,1,0.1,0.6,4.4
ÀüÁØ¿ì,·Ô,LF,4.93,144,619,552,88,192,46,0,7,259,92,53,5,0,71,10,1,8,0.348,0.405,0.469,0.874,0.406,140.4,4.09,0.121,0.057,7.72,0.402,30.5,-6.1,-8,-14.1,25.9,0.021818182,29.5,42.9,2.48,6,3,-0.3,1.9,3.6
Á¤¼öºó,µÎ,CF,1.47,104,351,313,50,81,19,4,3,117,37,29,3,1,50,7,4,2,0.259,0.326,0.374,0.7,0.325,91.6,-0.07,0.115,0.067,4.13,0.328,-3.7,-0.7,1.2,0.5,-1.9,0.05,33.6,61.5,1.28,12,7,-0.8,3.3,6.5
Á¤Àº¿ø,ÇÑ,2B,4.47,139,608,495,85,140,22,5,6,190,39,105,1,1,105,9,4,3,0.283,0.407,0.384,0.791,0.379,126.6,1.76,0.101,0.124,6.61,0.381,19.6,7.5,0.3,7.8,26.8,0.045801527,30.2,45.2,3.61,19,11,-1.2,0.9,5.7
Á¤ÀÇÀ±,S,LF,-0.13,62,178,165,21,38,2,0,7,61,24,11,0,1,37,5,0,2,0.23,0.275,0.37,0.645,0.295,67.3,-0.04,0.139,0.045,3.07,0.292,-7.2,-2.7,-2.7,-5.4,-8.8,0,25,39.1,0,0,0,0,1.2,1.9
Á¤ÁÖÇö,L,2B,0.43,73,214,181,26,43,7,1,3,61,10,24,0,0,32,4,9,0,0.238,0.327,0.337,0.664,0.306,79.7,-0.7,0.099,0.089,3.55,0.31,-5.4,0.8,0.9,1.7,-4.6,0,32.9,41.3,2.17,3,3,-0.8,0.7,4.3
Á¤Áø±â,S,LF,-0.16,88,206,193,27,43,8,0,6,69,21,10,1,0,39,2,2,0,0.223,0.265,0.358,0.622,0.286,62.1,-0.26,0.135,0.042,2.77,0.284,-9.7,-0.3,-0.2,-0.4,-10.3,0.042857143,30,38.1,0,6,3,-0.2,-0.1,4.9
Á¤ÁøÈ£,ÇÑ,LF,-0.42,50,167,145,9,33,9,0,0,42,15,15,1,1,22,5,4,2,0.228,0.301,0.29,0.59,0.277,58.7,-0.73,0.062,0.073,2.58,0.279,-8.5,5.9,-2.1,3.8,-2.9,0.051724138,15.5,37.5,6.25,4,1,0.3,-0.6,2.7
Á¤Çö,S,2B,0.25,68,149,117,14,26,5,1,0,33,7,17,7,0,24,7,8,0,0.222,0.355,0.282,0.637,0.304,76.1,-0.67,0.06,0.132,3.51,0.305,-4.4,0,0.5,0.6,-4.2,0,26.9,42.9,0,0,1,-0.5,0.7,2.6
Á¤ÈÆ,·Ô,1B,2.46,135,561,486,70,142,27,1,14,213,79,68,3,8,89,6,1,3,0.292,0.38,0.438,0.819,0.377,121.9,0.83,0.146,0.088,6.52,0.374,14.9,0.5,-9,-8.5,10.6,0.029535865,23.6,34.6,10,8,1,1,-5.8,4.3
Á¶¼öÇà,µÎ,CF,1.01,115,104,84,34,24,2,1,1,31,8,16,3,0,26,1,1,0,0.286,0.418,0.369,0.787,0.381,128.1,0.48,0.083,0.132,6.63,0.383,3.6,4.7,-0.5,4.2,11,0.101010101,33.3,43.5,3.23,21,4,2.4,0.4,8.7
Á¶¿ëÈ£,K,LF,0.39,138,515,428,71,101,14,1,0,117,48,74,3,0,85,8,5,5,0.236,0.349,0.273,0.622,0.31,77.7,0.21,0.037,0.113,3.83,0.307,-14.3,0.6,-4.7,-4.1,-12.3,0.046153846,36.4,52.7,0.78,12,9,-1.7,3.1,4.5
Á¶ÇÑ¹Î,ÇÑ,RF,0.05,52,145,127,15,25,6,2,5,50,18,13,2,0,57,4,1,2,0.197,0.278,0.394,0.672,0.305,77.6,-0.92,0.197,0.081,3.3,0.307,-4,1,-1,0,-3.6,0.046511628,23.3,33.3,4.76,3,2,-0.3,-0.2,4.4
Áö½Ã¿Ï,·Ô,C,1.04,73,187,166,23,40,9,0,7,70,26,14,5,0,54,6,2,0,0.241,0.319,0.422,0.741,0.34,96.8,0.01,0.181,0.078,4.6,0.336,-0.8,-1.3,3.8,2.5,-2.5,0.03125,25,33.3,2.78,0,0,0,-0.3,1.3
Ã¤Àº¼º,L,RF,2.86,110,448,387,59,107,20,0,16,175,82,38,16,2,80,9,0,7,0.276,0.359,0.452,0.812,0.373,128.2,2.6,0.176,0.083,6.06,0.383,15.4,-0.9,-6.5,-7.4,15.8,0.016666667,23.9,44.2,2.33,4,2,-0.2,1.4,3
ÃÖ¿µÁø,»ï,3B,0.32,44,63,57,9,16,1,2,1,24,6,5,1,0,12,1,0,0,0.281,0.349,0.421,0.77,0.36,114,-0.08,0.14,0.069,5.6,0.362,1.1,-0.8,-0.4,-1.2,0.1,0.03125,25,50,4.17,1,0,0.2,-0.3,5.6
ÃÖ¿ëÁ¦,µÎ,C,0.54,79,119,104,7,29,3,0,0,32,15,11,2,0,21,0,1,1,0.279,0.356,0.308,0.664,0.324,89.2,0.5,0.029,0.077,4.55,0.325,-1.6,-0.7,1.6,0.9,-1.9,0.041666667,14.6,30.8,0,0,0,0,0.4,2.2
ÃÖ¿øÁØ,K,RF,3.14,143,668,589,82,174,21,6,4,219,44,61,11,0,68,7,4,3,0.295,0.371,0.372,0.742,0.354,108.6,1.24,0.076,0.075,5.46,0.354,6.9,-4.9,-5.9,-10.8,4.7,0.018050542,28.2,44.1,3.35,40,13,2.1,0.6,6.6
ÃÖÀÎÈ£,ÇÑ,LF,0.27,49,164,136,17,28,6,0,4,46,23,24,2,0,43,1,0,2,0.206,0.329,0.338,0.668,0.321,87.7,-0.76,0.132,0.123,4.23,0.322,-2.5,0.3,-1.8,-1.5,-1.9,0.033333333,21.7,37.5,4.17,2,1,-0.1,0.3,3.4
ÃÖÀçÈÆ,ÇÑ,C,3.67,116,467,375,52,103,21,0,7,145,44,71,13,2,68,16,5,3,0.275,0.405,0.387,0.791,0.376,124.6,1.03,0.112,0.13,6.43,0.378,13.9,2.3,6.4,8.6,13.4,0.059701493,22.4,33.3,5.98,3,2,-0.4,-2.4,1.9
ÃÖÁ¤,S,3B,6.14,134,555,436,92,121,17,1,35,245,100,84,22,3,102,9,1,12,0.278,0.41,0.562,0.972,0.431,155.9,5.4,0.284,0.132,8.6,0.425,38,3.6,1.5,5.1,41.3,0.01984127,22.6,41.5,5.32,8,6,-1.2,0.9,3.5
ÃÖÁ¤¿ë,K,2B,-0.23,53,65,52,7,10,1,0,0,11,2,9,0,0,16,1,3,1,0.192,0.307,0.212,0.518,0.255,42,-0.66,0.019,0.114,1.98,0.254,-4.7,0.4,0.2,0.5,-4.9,0,28,31.6,5.26,2,0,0.4,-0.9,3.9
ÃÖÁ¤¿ø,N,2B,0.8,72,238,212,40,60,4,2,0,68,8,18,4,0,40,0,4,0,0.283,0.35,0.321,0.671,0.322,88.4,-0.6,0.038,0.067,4.25,0.323,-3.5,-0.1,0.7,0.6,-2.7,0.010204082,40.8,64.3,1.79,10,7,-1.1,2,7.1
ÃÖÁÖÈ¯,S,2B,2.36,116,470,406,50,104,16,0,18,174,67,53,9,4,84,7,0,2,0.256,0.353,0.429,0.782,0.361,111.2,-0.51,0.172,0.097,5.68,0.358,6.3,2.2,-2.3,-0.1,8.6,0.016666667,17.8,36.1,3.61,2,1,-0.2,0.2,2.5
ÃÖÁöÈÆ,S,CF,2.12,136,534,461,75,121,19,6,5,167,45,51,8,0,71,6,8,6,0.262,0.342,0.362,0.705,0.33,93.8,-0.19,0.1,0.08,4.51,0.331,-4.2,9.3,-0.9,8.5,9.1,0.059701493,34.8,56.7,3.85,26,6,2.4,1.6,7.4
ÃÖÇ×,S,2B,0.22,34,79,69,5,19,2,1,0,23,7,6,2,1,16,4,1,1,0.275,0.346,0.333,0.68,0.319,86.6,-0.25,0.058,0.071,4,0.321,-1.3,-1.2,-0.1,-1.3,-2.2,0,18.5,10,0,1,0,0.2,0.1,3.4
ÃÖÇü¿ì,K,DH,0.2,104,446,373,52,87,15,1,12,140,55,67,4,10,67,9,0,2,0.233,0.354,0.375,0.73,0.339,99.8,1.38,0.142,0.121,4.93,0.341,-0.3,0.5,-12.8,-12.3,-3.3,0.038461538,22,31.3,6.06,0,0,-0.1,-3.4,2.3
Ãß½Å¼ö,S,DH,3.89,137,580,461,84,122,19,2,21,208,69,103,12,4,123,8,0,4,0.265,0.409,0.451,0.86,0.4,137.4,4.59,0.187,0.144,7.47,0.397,26.5,-6.4,-12.4,-18.9,21.1,0.052434457,23.6,36.9,3.6,25,9,0.9,0.2,5
ÃßÀçÇö,·Ô,CF,0.64,95,300,262,37,66,15,0,5,96,26,26,7,0,57,3,5,0,0.252,0.336,0.366,0.702,0.329,90.1,-0.53,0.115,0.084,4.45,0.326,-3.8,1,-1.2,-0.2,-3.9,0.024193548,25.8,41.1,1.37,4,3,-0.6,-0.5,3.7
Å©·¹ÀÍ,Å°,1B,0.3,61,247,222,25,55,12,0,6,85,30,20,4,1,43,4,0,1,0.248,0.32,0.383,0.703,0.328,93.9,-0.52,0.135,0.072,4.35,0.332,-1.9,-3.7,-4.3,-8,-6.8,0.022727273,21.6,26.3,2.63,0,1,-0.5,-0.7,2.3
ÅÍÄ¿,K,LF,0.81,127,539,468,42,111,24,1,9,164,59,61,8,1,66,12,0,2,0.237,0.334,0.35,0.684,0.327,91,0.02,0.113,0.097,4.4,0.327,-6.1,-4.2,-6.5,-10.6,-12.2,0.03960396,16.3,27.3,4.04,0,0,-0.1,-1.7,1.8
Æä·¹Áî,ÇÑ,1B,0.69,59,252,225,26,60,15,1,5,92,33,17,4,0,52,4,0,6,0.267,0.321,0.409,0.73,0.337,98.6,-0.5,0.142,0.055,4.52,0.339,-0.5,0.9,-2.2,-1.3,-0.5,0.021052632,22.1,50,3.7,4,5,-1.4,0.6,3.8
Æä¸£³­µ¥½º,µÎ,DH,3.07,141,617,540,73,170,24,0,15,239,81,65,6,3,35,25,0,6,0.315,0.391,0.443,0.833,0.389,136.6,1.2,0.128,0.076,6.7,0.396,27.6,-1.9,-17.3,-19.2,20.4,0.011494253,22.2,21.4,2.86,0,2,-1.1,-4.2,1.4
ÇÁ·¹ÀÌÅ¸½º,Å°,DH,-0.04,43,148,139,13,36,10,0,2,52,14,7,1,0,29,7,0,1,0.259,0.297,0.374,0.671,0.313,81.8,-0.65,0.115,0.038,3.6,0.313,-3.4,-0.6,-2.9,-3.4,-4.3,0.022222222,24.4,31.6,5.26,0,0,0,-0.3,0.9
ÇÇ·¼¶ó,»ï,DH,3.26,140,621,553,102,158,25,2,29,274,97,57,8,2,89,8,0,3,0.286,0.359,0.495,0.855,0.389,128.7,3.27,0.21,0.073,6.6,0.384,21.7,-3.1,-15.2,-18.3,19,0.070866142,28.7,47.7,3.79,9,6,-1,1.4,4.6
ÇÏÁÖ¼®,ÇÑ,SS,3.09,138,594,525,84,143,27,3,10,206,68,51,10,1,135,9,5,3,0.272,0.346,0.392,0.739,0.345,104.4,-1.37,0.12,0.074,5.01,0.347,3,4.4,1.3,5.7,9.4,0.055555556,31.6,43.7,5.04,23,6,1.8,0.1,5.9
ÇÑµ¿Èñ,·Ô,3B,3.28,129,496,424,54,113,24,0,17,188,69,61,6,1,95,21,1,4,0.267,0.364,0.443,0.807,0.373,119,0.85,0.177,0.097,5.92,0.369,11.4,-2.2,1.6,-0.6,8.4,0.015306122,18.9,33.3,2.38,0,1,-0.6,-0.2,0.8
ÇÑ½ÂÅÃ,K,C,0.59,82,239,203,17,44,7,0,3,60,16,28,3,0,61,6,5,0,0.217,0.321,0.296,0.616,0.297,70.2,-1.16,0.079,0.104,3.31,0.296,-8.9,1.6,5,6.7,-7.4,0.025316456,17.7,34.7,2.04,0,0,-0.1,-0.2,1.2
ÇÑÀ¯¼¶,S,RF,3.9,135,519,442,71,123,18,1,31,236,95,60,10,4,96,11,1,6,0.278,0.373,0.534,0.907,0.404,138.6,1.99,0.256,0.094,7.27,0.399,24.4,1.3,-6.2,-4.9,25.2,0.037914692,19,34,4.12,1,0,0.1,-0.6,2.5
Çã°æ¹Î,µÎ,3B,2.07,136,518,468,61,130,24,1,5,171,59,36,8,1,35,21,3,3,0.278,0.338,0.365,0.703,0.332,96.8,-0.83,0.088,0.06,4.35,0.336,-2.2,-7.5,1.7,-5.8,-10.1,0.035353535,28.3,45.2,1.48,5,7,-2.2,1.9,2.7
Çã°üÈ¸,ÇÑ,C,-0.16,28,79,63,4,12,0,0,0,12,2,13,1,0,22,1,0,2,0.19,0.329,0.19,0.52,0.277,58.2,-0.57,0,0.139,2.79,0.278,-4.1,-1.2,0,-1.2,-6.1,0.111111111,14.8,20,5,0,0,0,-0.8,1.5
ÇãµµÈ¯,K,C,0.29,62,125,105,8,29,6,0,2,41,21,8,2,0,28,3,10,0,0.276,0.339,0.39,0.73,0.317,82.1,0.19,0.114,0.063,3.93,0.314,-2.8,0.8,2.5,3.3,-4,0.022727273,13.6,25.8,9.68,0,0,0,-2,1.1
ÇãÁ¤Çù,Å°,LF,-0.37,28,51,45,4,7,0,0,0,7,2,6,0,0,10,1,0,0,0.156,0.255,0.156,0.411,0.218,19,0.11,0,0.099,0.81,0.219,-5.1,1.6,-0.5,1.2,-3.7,0,22.2,22.2,0,0,0,0,-0.2,2.1
È£À×,K,RF,0.76,68,294,259,32,62,11,1,11,108,52,26,4,2,52,2,0,5,0.239,0.313,0.417,0.73,0.332,93.5,-0.01,0.178,0.074,4.47,0.331,-2.5,6.2,-2.8,3.4,4.4,0.00990099,20.8,45.1,1.96,5,2,0.1,0.6,4.4
È«Ã¢±â,L,CF,6.98,144,651,524,103,172,26,2,4,214,52,110,15,4,95,6,0,2,0.328,0.456,0.408,0.865,0.417,152.6,4.47,0.08,0.128,8.85,0.42,41.9,-6.9,-0.9,-7.8,38.1,0.044871795,31.7,52.8,2.54,23,8,0.8,2.2,5.2
È²´ëÀÎ,K,1B,0.11,86,308,282,30,67,10,1,13,118,45,18,2,0,62,8,1,5,0.238,0.283,0.418,0.702,0.317,85.1,0.01,0.181,0.046,3.76,0.318,-5.7,-1.5,-5.6,-7.1,-7.6,0.010526316,17.9,19.5,0,0,0,-0.1,-0.3,2.1
È²Àç±Õ,K,3B,2.93,117,507,453,74,132,16,2,10,182,56,46,3,1,92,11,1,4,0.291,0.358,0.402,0.76,0.356,108.4,-0.32,0.11,0.066,5.44,0.353,5,-5.2,1.5,-3.7,1.6,,32.7,54.7,3.77,11,4,0.3,1.5,4.8
Èú¸®,ÇÑ,1B,0.35,67,268,249,27,64,11,1,7,98,37,16,2,0,58,6,0,1,0.257,0.306,0.394,0.7,0.325,91,-0.57,0.137,0.049,4.13,0.327,-3.1,6.1,-4.9,1.2,3.3,,21.5,45.7,4.35,2,1,-0.1,0.4,3.3
